{
    "appenders": {
        "console": {
            "type": "console"
        },
        "file": {
            "type": "file",
            "filename": "logs/Application_Logs.log",
            "maxLogSize": 10485760,
            "backups": 3,
            "compress": true,
            "layout": {
                "type": "pattern",
                "pattern": "%d{ISO8601_WITH_TZ_OFFSET} [%p] %c - %m"
            }
        }
    },
    "categories": {
        "default": {
            "appenders": [
                "console",
                "file"
            ],
            "level": "info"
        }
    }
}